{"cameraMode":{"drawMode":0,"name":"Shaded","section":"Shading Mode"},"sceneLighting":true,"audioPlay":false,"sceneViewState":{"showFog":true,"showMaterialUpdate":false,"showSkybox":true,"showFlares":true,"showImageEffects":true,"showParticleSystems":true},"in2DMode":false,"pivot":{"x":5.110116958618164,"y":17.640480041503908,"z":-70.50736999511719},"rotation":{"x":-0.1282927542924881,"y":0.10008460283279419,"z":-0.013010073453187943,"w":-0.9865959882736206},"size":0.7524033188819885,"orthographic":false}