{"cameraMode":{"drawMode":0,"name":"Shaded","section":"Shading Mode"},"sceneLighting":true,"audioPlay":false,"sceneViewState":{"showFog":true,"showMaterialUpdate":false,"showSkybox":true,"showFlares":true,"showImageEffects":true,"showParticleSystems":true},"in2DMode":false,"pivot":{"x":-1.6906986236572266,"y":-1.829763412475586,"z":3.7799224853515627},"rotation":{"x":-0.1355561912059784,"y":0.8390402793884277,"z":-0.24336886405944825,"w":-0.46734336018562319},"size":10.0,"orthographic":false}