{"cameraMode":{"drawMode":0,"name":"Shaded","section":"Shading Mode"},"sceneLighting":true,"audioPlay":false,"sceneViewState":{"showFog":true,"showMaterialUpdate":false,"showSkybox":true,"showFlares":true,"showImageEffects":true,"showParticleSystems":true},"in2DMode":false,"pivot":{"x":-3.092534065246582,"y":-12.92312240600586,"z":12.557766914367676},"rotation":{"x":0.41211485862731936,"y":0.07504130154848099,"z":-0.03404376283288002,"w":0.9074117541313171},"size":16.22852897644043,"orthographic":false}