{"cameraMode":{"drawMode":0,"name":"Shaded","section":"Shading Mode"},"sceneLighting":false,"audioPlay":false,"sceneViewState":{"showFog":true,"showMaterialUpdate":false,"showSkybox":false,"showFlares":true,"showImageEffects":true,"showParticleSystems":true},"in2DMode":false,"pivot":{"x":0.00000762939453125,"y":0.0,"z":-0.0000152587890625},"rotation":{"x":-0.026094647124409677,"y":0.9172089099884033,"z":-0.06090715527534485,"w":-0.3928793668746948},"size":129.90382385253907,"orthographic":false}