{"cameraMode":{"drawMode":0,"name":"Shaded","section":"Shading Mode"},"sceneLighting":true,"audioPlay":false,"sceneViewState":{"showFog":true,"showMaterialUpdate":false,"showSkybox":true,"showFlares":true,"showImageEffects":true,"showParticleSystems":true},"in2DMode":false,"pivot":{"x":0.6524674892425537,"y":-1.591665267944336,"z":0.52056884765625},"rotation":{"x":-0.6783647537231445,"y":0.018065178766846658,"z":-0.01668919436633587,"w":-0.7343190908432007},"size":9.448586463928223,"orthographic":false}