{"cameraMode":{"drawMode":0,"name":"Shaded","section":"Shading Mode"},"sceneLighting":true,"audioPlay":false,"sceneViewState":{"showFog":true,"showMaterialUpdate":false,"showSkybox":true,"showFlares":true,"showImageEffects":true,"showParticleSystems":true},"in2DMode":false,"pivot":{"x":2129.685791015625,"y":580.2498779296875,"z":-98.95602416992188},"rotation":{"x":0.03473911061882973,"y":0.9633737206459045,"z":-0.15478762984275819,"w":0.21624073386192323},"size":81.39410400390625,"orthographic":false}